VetID,VetName,Specialisation,PhoneNo,Email,Address
V1000,Brigitte Ernser,Cardiology,59194183,brigitteernser24@gmail.com,"30711 Rogahn Tunnel, Lake Edatown"
V1001,Cristopher Pollich,Dermatology,53536240,cristopherpollich.McCullough@hotmail.com,"12730 Nienow Club, Tressieview"
V1002,Alexane Dach,Cardiology,56977052,alexanedach_Fahey@yahoo.com,"312 Farrell Oval, Theresahaven"
V1003,Jody Rath,Surgery,54010638,jodyrath88@yahoo.com,"9435 Harvey Overpass, Nathenville"
V1004,Maryse Bergnaum,Dentistry,56070641,marysebergnaum.Dickinson46@yahoo.com,"47795 Nader Plains, Lake Mohammadville"
V1005,Kayley Kovacek,Dentistry,55391841,kayleykovacek23@hotmail.com,"06751 Jameson Mountains, Port Barbarafort"
V1006,Toney Spencer,Dermatology,57283347,toneyspencer12@hotmail.com,"64651 Eldora Trafficway, Nasirhaven"
V1007,Sigmund Koelpin,Cardiology,57217603,sigmundkoelpin_Volkman56@gmail.com,"799 Kaya Harbors, Toyview"
V1008,Donavon O'Conner,Neurology,52754791,donavonoconner_Barton@hotmail.com,"2787 Will Prairie, Deontaeshire"
V1009,Greyson Renner,Surgery,59968081,greysonrenner.Rempel31@hotmail.com,"21157 Stacy Locks, West Vancehaven"
V1010,Hailey McCullough,Neurology,51349280,haileymccullough60@hotmail.com,"485 Moen Road, Barrowsview"
V1011,Lulu Borer,Neurology,56243097,luluborer.Wiza26@hotmail.com,"54626 Oberbrunner Lock, New Holly"
V1012,Annette MacGyver,Neurology,52597183,annettemacgyver_Osinski14@gmail.com,"3659 Thiel Extensions, Osinskifurt"
V1013,Garrick Kub,Surgery,55562012,garrickkub.Gorczany31@yahoo.com,"313 Nikolaus Courts, Dickitown"
V1014,Marianna Gusikowski,Dermatology,58636572,mariannagusikowski_Collier29@hotmail.com,"585 Dannie Way, North Horacio"
V1015,Shanna Ryan,Surgery,57606343,shannaryan_Ledner44@gmail.com,"904 Keyshawn Falls, Port Laury"
V1016,Lucy Graham,Surgery,56818024,lucygraham_Upton@yahoo.com,"805 Jessika Grove, East Kobe"
V1017,Sigrid Denesik,Dermatology,51973209,sigriddenesik_Casper@hotmail.com,"365 Delilah Cliffs, Halvorsonburgh"
V1018,Weldon Ullrich,Neurology,55920336,weldonullrich29@yahoo.com,"3618 Jo Islands, Hailiechester"
V1019,Alda Paucek,Surgery,51134498,aldapaucek60@hotmail.com,"1809 Destiny Green, Connside"
V1020,Arnoldo Jacobson,Neurology,52519812,arnoldojacobson21@gmail.com,"40862 Raynor Unions, East Orvilleshire"
V1021,Walton Dooley,Dermatology,53171068,waltondooley68@yahoo.com,"26674 Lenna Land, Larsonbury"
V1022,Melba Terry,Dermatology,58090730,melbaterry_Zboncak@yahoo.com,"9215 Marquardt Locks, East Heber"
V1023,Anderson Beer,Dermatology,56665217,andersonbeer.Hodkiewicz91@hotmail.com,"559 Pagac Plains, Dinaberg"
V1024,Jabari Roberts,Surgery,55763575,jabariroberts23@gmail.com,"47778 Erna Terrace, Boganberg"
V1025,Keaton Schmeler,Cardiology,59597813,keatonschmeler76@yahoo.com,"674 Gregg Valley, North Nels"
V1026,Elise Jacobi,Neurology,59523398,elisejacobi47@yahoo.com,"378 Lueilwitz Gardens, East Carmel"
V1027,Elisa Mosciski,Dermatology,53237435,elisamosciski36@hotmail.com,"359 Boehm Causeway, Jacobiton"
V1028,Shania Johnson,Cardiology,55774827,shaniajohnson42@gmail.com,"836 Bechtelar Spring, Greenfort"
V1029,Jacinto Luettgen,Neurology,54391919,jacintoluettgen50@yahoo.com,"799 Ruecker Trail, East Earlenefurt"
V1030,Mervin Runte,Surgery,59813658,mervinrunte33@gmail.com,"010 Elsa Loop, Ritchiemouth"
V1031,Nellie Hickle,Dermatology,57820191,nelliehickle47@gmail.com,"3835 Streich Mission, Fadelland"
V1032,Esmeralda Hoppe,Cardiology,59830476,esmeraldahoppe53@hotmail.com,"36676 Magdalen Ramp, Victortown"
V1033,Adrian Gulgowski,Dentistry,55137853,adriangulgowski.Halvorson10@yahoo.com,"929 Madie Glen, Halvorsonton"
V1034,Sierra Steuber,Dentistry,59533140,sierrasteuber.Torphy48@hotmail.com,"788 Roger Prairie, Port Yoshiko"
V1035,Hunter Mertz,Dentistry,56374658,huntermertz80@hotmail.com,"44660 Gibson Estate, Lake Mistystad"
V1036,Joelle Stracke,Cardiology,55382143,joellestracke99@hotmail.com,"4702 Wehner Brook, Ardellashire"
V1037,Kyle Wilderman,Dermatology,55209402,kylewilderman_Keeling@yahoo.com,"66472 Dare Plaza, Cummingstown"
V1038,Elijah Leuschke,Dentistry,57449742,elijahleuschke46@gmail.com,"5098 Keebler Lodge, Trantowborough"
V1039,Terrance Leannon,Dermatology,59922675,terranceleannon.Lockman7@hotmail.com,"2992 Rigoberto Trafficway, Guadalupeton"
V1040,Berneice Lakin,Cardiology,51129285,berneicelakin_Kihn@hotmail.com,"209 Kovacek Skyway, Joanaview"
V1041,Angelina Bode,Dermatology,54297190,angelinabode75@gmail.com,"56834 Lesch Alley, Klockofort"
V1042,Jayce Hamill,Dentistry,53274243,jaycehamill.Jerde61@yahoo.com,"06284 Braun Track, North Andreanneville"
V1043,Mossie Toy,Dentistry,51196959,mossietoy_Hand50@hotmail.com,"4919 Jakubowski Coves, East Susanna"
V1044,Rupert Kovacek,Neurology,55941531,rupertkovacek_Lindgren78@yahoo.com,"8574 Lucinda Road, Lake Josiefort"
V1045,Laron Dickinson,Dermatology,59756760,larondickinson_Harvey43@gmail.com,"780 Herman Square, West Kylermouth"
V1046,Jerome Bartoletti,Surgery,57127882,jeromebartoletti.Hackett34@yahoo.com,"494 Stanley Junction, Port Cletushaven"
V1047,Margot Nicolas,Dentistry,55078741,margotnicolas_Breitenberg@gmail.com,"437 Lauren Drive, New Madonna"
V1048,Shaylee Volkman,Surgery,52791620,shayleevolkman0@yahoo.com,"910 Weber Cliffs, Alyshastad"
V1049,Dahlia Nitzsche,Surgery,55015960,dahlianitzsche3@yahoo.com,"56824 Chelsey Creek, Lake Leannville"
